year,PCI
2018,39631.763943972066
2019,40460.22901919484
2020,41288.69409441762
2021,42117.15916964039
2022,42945.624244862935
2023,43774.08932008571
2024,44602.554395308485
2025,45431.01947053103
